time,block_size,miss_rate
207.0,4,0.0034850679802710333
169.0,8,0.0015366366039358096
150.0,16,0.0006499460055023385
130.0,32,0.00031003563783085764
137.0,64,0.00021350014986870768
140.0,128,0.0027805491598219215
